name,owners,price,score,positive,negative,recommendations,playtime,genres
Ghosts of Tabor,75000,19.99,0,465,87,413,0,"Action,Early Access"
Alfred Hitchcock - Vertigo,35000,29.99,0,127,27,117,0,Adventure
Organ Quarter,10000,24.99,0,236,26,246,0,"Violent,Gore,Action,Adventure,Indie"
GUILTY GEAR 2 -OVERTURE-,75000,19.99,0,167,78,191,160,Action
DRONE The Game,75000,19.99,0,866,427,744,43,"Action,Indie,Racing,Simulation,Sports,Early Access"
EA SPORTS‚Ñ¢ Madden NFL 25,35000,69.99,0,326,309,547,0,"Simulation,Sports,Strategy"
IMMORTALITY,35000,17.99,0,116,30,154,0,"Adventure,Casual,Indie,Simulation"
Cuisineer,35000,24.99,0,714,198,827,0,"Action,Adventure,Casual,Indie,RPG,Simulation"
Penumbra: Black Plague Gold Edition,350000,9.99,0,2062,130,2002,93,"Action,Adventure,Indie"
Hentai Pussy,10000,0.99,0,0,0,123,0,"Casual,Indie,Sports"
imomushi,10000,1.99,0,146,15,147,0,"Action,Indie"
Faerie Solitaire,350000,14.99,0,2278,225,1333,300,"Casual,Indie,RPG"
Dawn of Man,750000,24.99,0,12273,1848,13508,797,"Indie,Simulation,Strategy"
One More Line,35000,2.99,0,167,65,184,217,"Action,Casual,Indie"
Sword Daughter,35000,2.49,0,58,55,107,0,"Adventure,Indie"
9th Dawn II,10000,5.99,0,130,24,151,172,"Action,Adventure,Indie,RPG"
Wanderlust Adventures,75000,9.99,0,148,98,193,455,"Action,Adventure,Indie,RPG"
Sakura Beach,150000,9.99,0,1114,275,773,294,"Indie,Simulation"
Epistory - Typing Chronicles,750000,14.99,0,5548,298,3454,170,"Action,Adventure,Indie"
Yi Xian: The Cultivation Card Game,75000,7.99,0,797,212,1060,479,"Casual,Indie,Strategy,Early Access"
Hamilton's Great Adventure,75000,9.99,0,200,93,195,221,"Adventure,Casual,Indie"
Valheim,35000000,19.99,0,337177,16241,305370,1325,"Action,Adventure,Indie,RPG,Early Access"
Legend of Himari,75000,0.49,0,276,34,262,268,"Casual,Indie"
ÂÉèÁ¥†Áî∑Âèã ËØ≠Èü≥ÂÆåÊï¥Áâà,10000,3.99,0,189,7,184,0,"Casual,Indie,RPG"
Rampage Knights,350000,11.99,0,3093,244,2026,234,"Action,Adventure,Indie,RPG"
Greak: Memories of Azur,35000,19.99,0,608,157,485,121,"Action,Adventure,Indie"
Company of Heroes 2 - Ardennes Assault,75000,19.99,0,512,334,246,0,Strategy
Accident,35000,14.99,0,846,217,908,24,"Indie,Simulation"
Invasion 2037,10000,12.99,0,87,56,103,0,"Action,Adventure,Indie,Simulation,Early Access"
The World is Your Weapon,10000,9.99,0,495,15,473,58,"Action,Indie,RPG"
Retail Company Simulator,10000,11.99,0,282,18,230,0,"Casual,Indie,Simulation"
Antonball Deluxe,10000,14.99,0,164,4,134,0,"Action,Adventure,Casual,Indie"
Wolfenstein II: The New Colossus,1500000,39.99,0,26618,7024,22319,620,Action
Ship Graveyard Simulator 2,75000,19.99,0,408,98,468,0,"Action,Adventure,Casual,Indie,Simulation"
The 39 Steps,350000,4.99,0,1129,363,373,249,"Adventure,Casual,Indie"
Blaite,350000,0.49,0,353,138,267,236,"Action,Adventure,Casual,Indie"
M√∂bius Front '83,35000,19.99,0,247,109,246,0,"Indie,Simulation,Strategy"
NUKITASHI,10000,19.99,0,147,5,164,0,Adventure
SpellForce 2: Faith in Destiny,150000,14.99,0,179,122,147,402,"RPG,Strategy"
Abandon Ship,75000,12.49,0,775,266,877,211,"Adventure,Indie,RPG,Strategy"
Forager,750000,19.99,0,28196,2807,25201,744,"Action,Adventure,Indie,Simulation"
AngerForce: Reloaded,35000,9.99,0,326,32,260,199,
Succubus Rem,75000,0.0,0,839,96,891,240,"Indie,RPG"
Evospace,35000,14.99,0,210,45,226,0,"Adventure,Indie,Simulation,Early Access"
Car Mechanic Simulator 2015,750000,19.99,0,12885,1081,11530,512,"Racing,Simulation"
Blade Assault,75000,17.99,0,1111,250,1218,2258,"Action,Indie"
EVE Online,3500000,0.0,0,20720,7059,7038,116,"Action,Free to Play,Massively Multiplayer,RPG,Strategy"
Fears to Fathom - Norwood Hitchhike,35000,2.99,0,598,93,651,156,"Adventure,Casual,Indie"
Unspottable,10000,9.99,0,259,19,251,0,"Casual,Indie,Strategy"
ÊàëÊù•Ëá™Ê±üÊπñ From Jianghu,75000,7.99,0,1482,403,1670,1362,"Adventure,Indie,RPG,Simulation,Strategy,Early Access"
Slappy Ass,10000,3.99,0,0,0,110,0,"Casual,Indie,Simulation"
A-10 VR,10000,4.99,0,136,10,139,0,"Action,Indie"
Hello Charlotte EP3: Childhood's End,35000,2.99,0,1055,15,973,333,"Indie,RPG"
Voice Love on Air,10000,26.99,0,113,12,147,0,"Casual,Simulation"
Vomitoreum,10000,9.99,0,530,50,495,0,"Action,Adventure,Indie"
STAR OCEAN THE DIVINE FORCE,35000,59.99,0,364,163,452,439,"Action,RPG"
SUNLESS SEA,750000,18.99,0,6997,1399,6647,401,"Adventure,Indie,RPG"
F1 2018,750000,0.0,0,11269,1410,4755,368,"Racing,Simulation,Sports"
STRAFE: Gold Edition,350000,14.99,0,1667,633,1621,138,"Action,Indie"
Grapple,75000,6.99,0,296,30,223,182,Indie
SiNiSistar Lite Version,10000,4.99,0,228,17,237,0,"Action,Adventure,Indie"
Antigraviator,35000,19.99,0,142,69,133,161,"Action,Indie,Racing,Sports"
RPG Maker MZ,35000,47.99,0,790,194,773,1353,"RPG,Design & Illustration,Web Publishing"
Adabana Odd Tales,10000,17.99,0,556,12,544,305,"Adventure,Casual"
Creed: Rise to Glory‚Ñ¢,350000,29.99,0,1267,329,1201,100,"Action,Indie,Simulation,Sports"
Jamestown,750000,9.99,0,2114,125,615,56,"Action,Indie"
XAOC,35000,0.0,0,143,52,173,0,"Massively Multiplayer,RPG,Early Access"
Music Maker 2017 Premium Steam Edition,10000,14.99,0,85,90,168,0,Audio Production
Guards,150000,4.99,0,392,66,243,433,"Adventure,Indie,Strategy"
Old Man's Journey,150000,7.99,0,2710,388,1921,101,"Adventure,Casual,Indie"
Windforge,75000,9.99,0,395,190,340,11,"Action,Indie,RPG"
ÂÜçÂà∑‰∏ÄÊää PlayAgain,150000,6.29,0,1701,575,2261,117,"Adventure,Indie,RPG,Strategy"
Might & Magic: Heroes VI,750000,19.99,0,3803,4058,7198,580,"RPG,Strategy"
Deathsmiles,35000,19.99,0,448,17,419,504,"Action,Indie"
The friends of Ringo Ishikawa,75000,14.99,0,1308,170,1352,592,"Action,Adventure,Indie,RPG"
Microcivilization,35000,17.99,0,450,43,493,0,"Indie,Strategy,Early Access"
HIVESWAP: ACT 1,150000,7.99,0,3522,263,2918,337,"Adventure,Indie,RPG"
Imperium Galactica II,150000,9.99,0,373,56,396,643,Strategy
She and the Light Bearer,10000,9.99,0,196,23,156,202,"Adventure,Casual,Indie"
ANAREA Battle Royale,150000,0.0,0,838,1004,1202,126,"Action,Indie,Early Access"
Crypt Custodian,10000,16.99,0,304,4,318,0,Adventure
Super Meat Boy,3500000,14.99,0,28651,1554,22056,139,Indie
ELEX II,150000,49.99,0,2650,827,2038,3000,"Action,Adventure,RPG"
Tetra Project - ÂéüÁü≥ËÆ°Âàí,75000,9.99,0,525,26,510,29,"Indie,Strategy,Early Access"
Persona 5 Tactica,35000,59.99,0,879,163,744,382,"RPG,Strategy"
Ghostbusters: Spirits Unleashed Ecto Edition,35000,19.99,0,482,60,502,0,"Action,Adventure"
DAEMON X MACHINA,150000,49.99,0,4894,609,5127,605,Action
Hello Charlotte EP2: Requiem Aeternam Deo,75000,0.0,0,819,20,716,440,"Adventure,Indie,RPG"
Ninja Stealth 3,150000,0.49,0,226,58,252,195,"Casual,Indie,Strategy"
Mail Mole + 'Xpress Deliveries,10000,14.99,0,146,5,121,0,"Action,Adventure,Casual,Indie"
Train Sim World¬Æ 2020,350000,39.99,0,5383,1556,5865,1758,Simulation
The Chaos Engine,150000,9.99,0,245,130,226,191,Action
Wanted Raccoon,10000,19.99,0,288,56,271,0,"Action,Adventure,Casual,Indie,RPG,Simulation,Early Access"
Late Shift,350000,4.93,0,6513,1001,6315,174,"Adventure,Indie"
Total War: WARHAMMER III,3500000,59.99,0,25545,18410,32739,1371,"Action,Strategy"
Montaro RE,35000,0.99,0,1067,40,987,68,"Casual,Indie"
Metal Wolf Chaos XD,75000,24.99,0,476,93,505,34,Action
Metropolis: Lux Obscura,10000,7.99,0,327,86,365,114,"Casual,Indie"
FINAL FANTASY¬Æ XI: Ultimate Collection Seekers Edition,10000,29.99,0,205,27,216,4,Massively Multiplayer
Cursed to Golf,150000,17.99,0,111,20,110,36,"Action,Adventure,Indie,Sports"
FIGHT KNIGHT,35000,19.99,0,638,38,587,788,"Action,Adventure,Indie,RPG"
One More Island,10000,19.99,0,118,33,132,89,Simulation
Sable's Grimoire,10000,14.99,0,113,5,110,0,"Casual,Indie,Simulation"
Fire: Ungh‚Äôs Quest,75000,0.99,0,465,78,370,199,"Adventure,Casual,Indie"
Puzzle Kingdoms,75000,14.99,0,166,121,115,54,Casual
‰∏éÈõæÈõ®È≠îÁêÜÊ≤ô‰∏ÄËµ∑ÂÅ∑ÈáçË¶ÅÁöÑ‰∏úË•ø ~ Happy Stealing with Kirisame Marisa,10000,0.99,0,198,15,191,0,"Indie,RPG"
An Octave Higher,35000,11.99,0,234,47,261,205,"Adventure,Indie"
SUPER BUILD,10000,14.99,0,197,32,215,104,"Casual,Indie,Simulation,Early Access"
Future Love Space Machine : Glimmer Deck,10000,14.99,0,0,0,157,0,"Casual,Simulation"
Spiral Knights,3500000,0.0,0,18888,3617,191,92,"Action,Adventure,Casual,Free to Play,Indie,Massively Multiplayer,RPG"
The Evil Within 2,1500000,39.99,0,20269,1665,13333,730,"Action,Adventure"
Atelier Rorona ~The Alchemist of Arland~ DX,35000,39.99,0,425,33,433,1847,RPG
IL-2 Sturmovik: 1946,10000,9.99,0,1355,198,1974,0,Simulation
Bullet Witch,35000,14.99,0,321,147,413,50,Action
Cactus Simulator,10000,0.99,0,137,10,116,0,"Casual,Indie,Simulation"
3D Custom Lady Maker,35000,4.99,0,177,77,239,0,"Adventure,Simulation"
Great Toilet Simulator,10000,0.99,0,291,69,246,0,"Action,Adventure,Indie,Simulation"
Sanctum 2,3500000,14.99,0,12469,1380,7078,172,"Action,Indie,Strategy"
Refactor,150000,4.99,0,317,36,323,68,Strategy
Psychocat: The Answer,10000,0.99,0,180,43,171,0,"Action,Casual,Indie"
Wreckfest,1500000,29.99,0,26775,3988,23278,543,"Action,Indie,Racing,Simulation,Sports"
Snooker Nation Championship,35000,3.99,0,173,104,258,26,"Indie,Simulation,Sports,Strategy,Early Access"
DEAD DOZEN,35000,0.0,0,235,347,386,542,"Action,Indie,Massively Multiplayer"
Fishing Adventure,75000,4.99,0,983,159,969,44,"Indie,Simulation"
Quiplash,350000,9.99,0,1583,186,785,28,"Casual,Indie,Strategy"
Machine World 2,10000,12.99,0,98,87,177,0,"Indie,Simulation,Early Access"
Morphine,75000,0.74,0,471,171,501,248,"Adventure,Indie"
Tree Simulator 2022,10000,2.99,0,970,27,808,11,"Action,Adventure,Casual,Indie,Simulation"
Lovelorn sanatorium ‚Ö¢,10000,7.19,0,333,72,428,0,"Indie,RPG"
Trinity Survivors,10000,8.99,0,85,6,110,0,"Action,Indie,RPG,Early Access"
Galaxy Reavers,75000,4.99,0,130,59,155,0,"Indie,Strategy"
Zombie Exodus,10000,7.99,0,130,19,147,0,"Indie,RPG"
Áãº„Å®È¶ôËæõÊñôVR/Spice&WolfVR,75000,24.99,0,950,68,856,42,"Casual,Indie"
HINGE VR,10000,19.99,0,135,47,159,189,"Action,Adventure,RPG"
Tinyfolks,35000,3.99,0,438,20,442,306,"Indie,RPG,Strategy"
the 9th day:Á¨¨‰πùÊó•,10000,8.99,0,290,23,259,0,"Adventure,Indie"
Plug & Play,150000,2.99,0,3885,716,3713,48,"Adventure,Casual,Indie"
Holodance,10000,19.99,0,185,29,199,0,"Casual,Indie,Sports"
Workers & Resources: Soviet Republic,350000,34.99,0,10272,1070,10806,9269,"Indie,Simulation,Strategy,Early Access"
Bing Bong XL,10000,0.99,0,180,13,176,6,"Action,Casual,Indie"
Rubber Bandits,350000,7.99,0,769,206,635,243,"Action,Casual,Indie"
Disc Golf Valley,10000,4.99,0,118,17,128,315,"Casual,Simulation,Sports"
bit Dungeon+,35000,0.0,0,83,112,141,36,"Indie,RPG"
Kingsgrave,10000,8.99,0,0,0,159,0,"Action,Adventure,Indie,RPG"
SAO Utils: Beta,350000,3.99,0,2327,339,2398,1384,"Utilities,Early Access"
Coffin Dodgers,75000,10.99,0,487,219,288,205,"Action,Casual,Indie,Racing"
Darkarta: A Broken Heart's Quest Collector's Edition,35000,9.99,0,805,56,433,0,"Adventure,Casual,Indie"
Salt and Sacrifice,35000,19.99,0,258,155,398,792,"Action,RPG"
GOD EATER 3,350000,59.99,0,5942,1369,5627,505,Action
Sunlight,10000,3.99,0,114,15,108,0,"Adventure,Indie"
Return to Shironagasu Island,75000,4.99,0,1885,64,1831,261,Adventure
Airborne Kingdom,35000,24.99,0,832,122,932,284,"Casual,Indie,Simulation,Strategy"
Alone in the Dark 1,35000,14.99,0,254,21,229,0,"Action,Adventure"
Supreme Commander: Forged Alliance,1500000,12.99,0,10377,332,7194,598,Strategy
Blameless,350000,0.0,0,3750,712,105,42,"Adventure,Free to Play,Indie"
DIRT 5,150000,59.99,0,2741,2507,2285,1042,"Action,Adventure,Casual,Racing,Sports"
Class of '09,10000,9.99,0,106,14,114,0,"Casual,Indie,RPG,Simulation"
SUPER CHICKEN JUMPER,75000,2.99,0,2163,55,2039,220,"Action,Adventure,Casual,Indie,Racing"
To The Rescue!,75000,19.99,0,847,390,1071,231,"Casual,Indie,Simulation"
Jets'n'Guns 2,75000,14.99,0,983,80,966,306,"Action,Indie"
Putin kills: Coronavirus,10000,0.99,0,120,23,102,0,"Action,Adventure,Indie"
Blazing Sails,150000,10.49,0,5118,646,4314,713,"Action,Adventure,Casual,Indie,Early Access"
WWE 2K22,150000,38.99,0,4253,1657,4540,2633,"Simulation,Sports"
Hentai Case Opening,10000,0.99,63,54,29,205,0,"Casual,Indie"
Righty Tighty XL,10000,0.99,0,115,4,105,2,"Action,Casual,Indie"
Ages of Mages: The last keeper,10000,11.99,0,141,36,157,0,"Action,Adventure,Casual,Indie,RPG"
City Car Driving,750000,24.99,0,13954,3162,15683,743,"Indie,Racing,Simulation"
Eaten Alive,350000,1.99,0,173,315,304,233,Indie
FINAL FANTASY V (Old ver.),150000,0.0,0,1058,321,1210,549,RPG
Inglorious Waifu VS Nazi Zombies,75000,1.99,0,240,12,165,0,"Action,Indie"
Mirror Party,150000,1.99,0,871,296,1122,420,"Action,Casual,Indie,Simulation,Strategy,Early Access"
Splendor,75000,9.99,0,709,162,588,360,"Casual,Strategy"
Command & Conquer‚Ñ¢ Generals Zero Hour,0,0.0,0,0,0,800,0,"Action,Strategy"
Call of Duty¬Æ: Modern Warfare¬Æ II,3500000,69.99,0,16018,12744,28253,727,Action
DisplayFusion,150000,34.99,0,857,114,810,15,Utilities
Ys IX -Monstrum NOX-,10000,38.49,0,119,12,108,0,"Action,RPG"
Cat on a Diet,150000,4.99,0,660,147,481,216,"Action,Casual,Indie"
Rot Gut,75000,1.99,0,232,41,207,0,"Action,Adventure,Indie"
Adam - Lost Memories,10000,9.99,0,139,29,118,0,"Action,Adventure,Indie"
Royal Heroes,150000,9.99,0,234,63,193,392,"Casual,Indie,RPG,Strategy"
Reactor Tech¬≤,75000,14.99,0,181,87,261,0,"Indie,Simulation,Strategy"
This Bed We Made,35000,24.99,0,544,42,562,0,"Adventure,Indie"
Krautscape,35000,6.99,0,158,78,157,124,"Indie,Racing"
Zedfest,10000,14.99,0,127,14,128,0,"Action,Indie,Early Access"
Has-Been Heroes,75000,19.99,0,278,87,250,1390,"Action,Indie,RPG,Strategy"
UFO: Aftershock,75000,3.99,0,139,46,161,2063,Strategy
Choice of Rebels: Uprising,10000,6.99,0,108,9,113,0,"Adventure,Indie,RPG"
WARRIORS OROCHI 3 Ultimate Definitive Edition,75000,39.99,0,494,68,526,0,"Action,Strategy"
COLLAPSED,35000,14.99,0,130,50,134,67,"Action,Indie"
BADLAND: Game of the Year Edition,350000,9.99,0,2301,362,2232,322,"Action,Adventure,Indie"
Roundguard,150000,19.99,0,300,44,287,549,"Casual,Indie,RPG,Strategy"
Crystalline,75000,19.99,0,1249,63,1218,0,"Action,Adventure,Indie,RPG,Simulation"
This Is the Police 2,350000,14.99,0,3727,1238,4035,786,"Adventure,Indie,Strategy"
Koi Farm,35000,2.99,0,535,22,511,607,"Casual,Indie,Simulation"
Quake 4,350000,14.99,0,2078,294,1847,429,Action
ÂØÇÂØûÁ•ûÊòéÁöÑÂøÉÊÑøÊâãËÆ∞,35000,9.99,0,220,41,241,0,"Adventure,Indie,RPG"
Kingspray Graffiti VR,150000,14.99,0,628,109,693,585,Simulation
SANABI,10000,14.99,0,792,20,741,232,"Action,Adventure,Indie,Early Access"
"Duke Grabowski, Mighty Swashbuckler",35000,1.99,0,159,27,125,0,"Adventure,Casual,Indie"
Mega Man Legacy Collection,350000,14.99,0,3020,496,2563,108,Action
VERSUS SQUAD,150000,7.99,0,437,115,506,179,"Action,Indie"
Sub Rosa,350000,19.99,0,2290,701,2525,844,"Action,Indie,Massively Multiplayer,Early Access"
Brilliant Shadows - Part One of the Book of Gray Magic,35000,6.99,0,181,9,161,0,"Adventure,Casual,Simulation"
A Valley Without Wind,150000,14.99,0,284,201,185,191,"Action,Adventure,Indie"
Professional Farmer 2014,75000,2.99,0,277,329,181,3839,Simulation
‰∏úÊñπÂπªÁÅµÂΩï ~ Touhou Hakanai Cards,10000,0.0,0,509,78,481,1316,"Casual,Indie,Massively Multiplayer,RPG,Simulation,Strategy"
Predator: Hunting Grounds,75000,29.99,0,1410,381,1432,715,Action
Lethal League,750000,13.99,0,5625,344,2910,164,"Action,Indie,Sports"
Toonstruck,10000,9.99,0,182,7,176,0,Adventure
VERGE:Lost chapter,35000,0.99,0,125,166,135,256,"Action,Adventure,Indie"
EA SPORTS FC‚Ñ¢ 24,10000,69.99,0,0,0,22263,0,"Simulation,Sports"
Tiny Bunny,150000,12.99,0,8339,108,7875,498,"Adventure,Indie,Early Access"
"Warhammer 40,000: Darktide",750000,39.99,0,4486,2104,7260,318,"Action,Adventure,Indie"
Zoop! - Hunter's Grimm,350000,1.99,0,154,113,223,193,"Action,Adventure,Indie,RPG"
Capes,35000,35.99,0,90,61,143,0,"Indie,Strategy"
World Boxing Manager,10000,4.99,0,74,50,122,405,"Simulation,Sports,Strategy"
World Seed Classic,35000,5.99,0,100,9,103,0,"Free to Play,Indie,Massively Multiplayer,RPG,Strategy"
POPGOES Arcade,10000,4.99,0,472,7,458,0,RPG
Conan Chop Chop,75000,9.89,0,280,124,330,0,"Action,Adventure,Indie"
TrackDayR,10000,24.99,0,128,43,142,0,"Indie,Massively Multiplayer,Racing,Simulation,Sports,Early Access"
Spring Falls,35000,6.99,0,498,16,499,302,"Casual,Indie"
A Long Way Down,10000,17.99,0,149,63,101,24,"Indie,RPG,Strategy"
Starward Rogue,75000,11.99,0,431,35,264,60,"Action,Indie"
Rick and Morty: Virtual Rick-ality,350000,29.99,0,1344,441,1675,166,"Adventure,Indie,Simulation"
Radical Dungeon Sweeper,10000,12.99,0,149,34,162,0,"Casual,Indie,RPG,Strategy"
–°–∏–º—É–ª—è—Ç–æ—Ä –ü—Ä—ã–≥–∞–Ω–∏—è –ø–æ –ì–∞—Ä–∞–∂–∞–º,10000,0.59,0,10,3,102,0,Simulation
Jupiter Hell,35000,24.99,0,1219,94,1079,391,"Indie,RPG,Strategy"
CHRONO CROSS: THE RADICAL DREAMERS EDITION,75000,19.99,0,706,585,1090,133,"Adventure,RPG"
Fake Hostel,150000,4.99,0,214,115,289,242,"Adventure,Casual,Simulation"
THE KING OF FIGHTERS XIII STEAM EDITION,750000,19.99,0,7935,842,6691,178,Action
Noob Squad,75000,0.99,0,212,276,382,305,"Action,Casual,Indie,Massively Multiplayer"
ARK: Survival Of The Fittest,1500000,0.0,0,6112,3554,3127,17,"Action,Adventure,Indie,Massively Multiplayer,RPG,Strategy"
The Legend of The Sacred Stone EX,75000,7.99,0,219,14,219,0,"Adventure,RPG"
Godlike Burger,35000,11.99,0,264,86,307,234,"Indie,Simulation,Strategy"
Codename: Ocean Keeper,10000,6.39,0,154,24,163,0,"Action,Adventure,Indie,Simulation,Early Access"
Impact Winter,35000,0.0,0,173,254,244,197,"Adventure,Indie,Simulation"
Pirates Outlaws,35000,19.99,0,436,76,448,273,"Adventure,Casual,Indie,Strategy"
The Guild Gold Edition,150000,9.99,0,313,113,392,63,"Simulation,Strategy"
Just Deserts,10000,9.99,0,241,81,217,761,"Casual,Indie,Simulation,Strategy"
A Story About My Uncle,7500000,14.99,0,25589,2277,11568,242,"Adventure,Casual,Indie"
POOLS,0,8.81,0,0,0,507,0,Adventure
X-COM: Terror From the Deep,750000,4.99,0,626,59,560,6,Strategy
Shadow Warrior Classic Redux,350000,9.99,0,2637,279,2330,113,Action
Ascendant,35000,0.0,0,158,44,103,2272,"Action,Adventure,Indie,RPG"
Yusetsu,10000,15.29,0,139,4,153,0,"Casual,Indie,RPG,Simulation"
ÂπªÊÉ≥ÊõπÊìç‰º† Fantasy of Caocao,10000,14.99,0,46,106,101,0,"Adventure,Casual,Indie,RPG,Strategy"
Firefighters 2014,75000,24.99,0,328,228,397,746,"Action,Simulation"
Creeper World 2: Anniversary Edition,35000,4.99,0,285,26,282,2315,"Indie,Simulation,Strategy"
Conan the mighty pig,75000,0.51,0,897,93,597,363,"Action,Adventure,Indie"
Victoria I Complete,150000,9.99,0,144,61,173,6,Strategy
Depanneur Nocturne,35000,4.99,0,182,5,169,0,"Adventure,Casual,Indie"
REMOTE LIFE,10000,17.09,0,195,19,192,0,"Action,Indie"
FORM,35000,14.99,0,856,81,914,11,"Adventure,Casual,Indie"
Tower 57,150000,2.39,0,423,235,416,131,"Action,Indie"
Valley,350000,14.99,0,5680,519,5821,173,"Action,Adventure,Indie"
STAR WARS‚Ñ¢ Battlefront‚Ñ¢ II,1500000,15.99,0,33941,5028,32587,610,"Action,Adventure"
Etrian Odyssey HD,35000,39.99,0,158,5,142,0,"Adventure,RPG"
SMASHING THE BATTLE,35000,11.99,0,431,145,543,65,"Action,Casual,Indie"
Gem Defender: Soyjak Survivors,75000,3.99,0,159,9,146,0,"Action,Casual,Indie,Strategy"
Super Sanctum TD,350000,4.99,0,1322,175,942,163,"Casual,Indie,Strategy"
Fox Hime,150000,1.99,0,3201,518,3453,161,"Adventure,Casual,Indie,RPG"
Polynomial 2 - Universe of the Music,35000,11.99,0,118,21,119,0,"Action,Indie,Simulation,Early Access"
Orcs Must Die!,1500000,9.99,0,6779,251,5406,240,"Action,Indie,Strategy"
ArcheAge,1500000,0.0,0,3698,3392,792,301,"Free to Play,Massively Multiplayer,RPG"
Kane and Lynch: Dead Men‚Ñ¢,750000,0.0,0,1954,1122,2420,57,Action
Draugen,75000,19.99,0,1216,393,1463,171,"Adventure,Indie"
Steel Division: Normandy 44,350000,9.99,0,4291,1481,4394,837,"Action,Simulation,Strategy"
Field of Glory II,35000,29.99,0,598,76,569,1998,"Simulation,Strategy"
King Kaiju,10000,4.99,0,116,35,135,0,"Indie,Simulation"
The Sinking City,75000,39.99,0,900,369,1176,980,"Action,Adventure,RPG"
Distant Worlds: Universe,150000,29.99,0,1295,400,1294,4417,"Simulation,Strategy"
Undertale,3500000,9.99,0,175161,6074,159556,395,"Indie,RPG"
Fields of Mistria,350000,13.99,0,6810,119,6520,0,"Indie,RPG,Simulation,Early Access"
Prison Run and Gun,35000,0.49,0,411,37,415,322,"Action,Indie"
CONSCRIPT,150000,19.99,0,480,24,394,0,"Action,Adventure,Indie"
Ad Infinitum,10000,34.99,0,186,45,144,0,"Action,Adventure"
Childhood grocery Ëæ£Êù°ÊùÇË¥ßÂ∫ó Â≠¶Ê†°Â∞èÂçñÈÉ® :‰ª§‰∫∫ÊÑüÂä®ÁöÑÁ´•Âπ¥ÂõûÂøÜÔºåÁªèÂÖ∏Á≠ñÁï•Ê®°ÊãüÁªèËê•Ëß£ÂØÜ,35000,5.99,0,167,143,112,183,"Indie,RPG,Simulation,Strategy"
Dash Dash World,10000,24.99,0,121,30,131,0,"Action,Casual,Racing,Simulation,Sports"
Resident Evil 3,1500000,15.99,0,45330,12669,37377,465,Action
Gamble Fight Plus,10000,9.99,0,74,61,123,0,"Action,Indie"
Car Mechanic Simulator 2021,350000,24.99,0,13649,619,13762,1058,"Racing,Simulation"
Ê±âÂåàÂÜ≥Êàò/Han Xiongnu Wars,750000,6.99,0,2192,1558,1940,1342,"Action,Adventure,Casual,Indie,RPG,Strategy"
Return to Castle Wolfenstein,750000,4.99,0,6043,452,5534,63,Action
Xuan-Yuan Sword VII,350000,34.99,0,5635,3319,7931,6280,"Action,Adventure,RPG"
Sweet House,35000,1.99,0,293,79,316,88,"Casual,Indie"
ÁêÉÁêÉÂ∞ëÂ•≥/Pinball Girls,35000,2.99,0,718,152,822,109,Casual
M.A.S.S. Builder,150000,24.99,0,2718,303,2777,1030,"Action,Indie,RPG,Strategy,Early Access"
Call of Duty¬Æ: Infinite Warfare,750000,59.99,0,12328,10908,11429,594,"Action,Adventure"
Zanki Zero: Last Beginning,35000,59.99,0,430,117,510,485,RPG
WORLD END ECONOMiCA episode.01,75000,12.99,0,564,101,428,232,Indie
The Red Strings Club,350000,14.99,0,7983,488,7786,323,"Adventure,Indie"
Bean Stalker,10000,19.99,0,122,18,114,25,"Action,Adventure,Indie"
Paperball,10000,11.99,0,162,5,161,0,"Action,Indie"
Vivid Knight,75000,14.99,0,1267,117,1317,894,"Simulation,Strategy"
The Light Keeps Us Safe,10000,19.99,0,108,74,121,0,"Action,Indie"
Forest Fortress,35000,14.99,0,117,29,133,0,"Adventure,Casual,Indie"
Enter The Backrooms,35000,4.99,0,652,85,671,298,"Adventure,Casual,Indie"
Train Simulator Classic,10000,24.99,0,8893,5526,15770,0,Simulation
Critical Mass,150000,1.99,0,302,121,284,32,"Casual,Indie"
Cavern of Dreams,10000,12.99,0,335,9,332,8,"Action,Adventure,Casual,Indie"
RUGBY 20,10000,19.99,0,123,57,119,0,"Simulation,Sports"
The Case Book of Arne,10000,9.99,0,222,19,212,0,"Adventure,Indie,RPG"
Threshold,10000,3.99,0,157,36,108,0,"Indie,Early Access"
Tiny Troopers,150000,4.99,0,923,220,950,106,"Action,Indie,Strategy"
Lolita Expedition,35000,4.73,0,149,5,140,786,"Adventure,Indie,RPG,Strategy,Early Access"
ÂÄôÈ∏ü,10000,8.79,0,143,2,166,0,Adventure
The Snowboard Game,10000,14.99,0,247,47,270,0,"Action,Indie,Simulation,Sports"
Lust for Darkness,150000,14.99,0,2354,1050,3316,126,"Adventure,Indie"
Awesomenauts - the 2D moba,3500000,0.0,0,22365,4000,11819,261,"Action,Free to Play,Indie,Strategy"
Weird Hero,35000,3.99,0,115,47,135,204,"Action,Indie"
Fairy Bloom Freesia,150000,7.99,0,911,160,548,102,"Action,Indie"
Waves,150000,4.99,0,1022,61,943,116,"Action,Indie"
Supaplex,35000,9.99,0,159,8,157,181,"Action,Casual,Indie"
Dog Sled Saga,35000,7.99,0,570,51,488,173,"Indie,Racing,RPG,Sports"
Labyrinthine,750000,9.99,0,6256,900,5795,298,"Action,Adventure,Indie,Early Access"
Disney Dreamlight Valley,75000,29.99,0,1071,73,1276,1331,"Adventure,Casual,Simulation,Early Access"
Farmtale,10000,4.99,0,173,59,217,69,"Adventure,Casual,Indie,RPG,Simulation,Strategy,Early Access"
Rogue Trooper,75000,9.99,0,355,24,353,17,Action
Hellsinker.,10000,9.99,0,140,11,143,0,"Action,Casual,Indie"
Sister Travel,35000,14.99,0,437,41,442,0,"Adventure,Indie,RPG"
MXGP 2020 - The Official Motocross Videogame,10000,39.99,0,451,119,353,0,"Racing,Simulation,Sports"
Sea Salt,75000,14.99,0,437,103,456,49,"Action,Adventure,Indie,Strategy"
15 Days,35000,9.99,0,44,90,122,0,"Adventure,Casual,Indie"
Legendary Tales,150000,34.99,0,1202,256,1313,1210,"Action,Adventure,Indie,RPG,Simulation,Early Access"
Bastide,10000,9.99,0,199,62,240,242,"Action,Casual,Indie,Simulation,Strategy,Early Access"
Sex Standing,0,3.99,0,0,0,124,0,"Action,Adventure"
SimAirport,350000,9.99,0,2675,731,3303,1270,"Casual,Indie,Simulation,Strategy"
Combat Mission Shock Force 2,10000,59.99,0,497,82,424,47336,"Simulation,Strategy"
Who Am I: The Tale of Dorothy,35000,0.0,0,349,28,358,119,"Adventure,Indie,Simulation"
Railroad Corporation,75000,34.99,0,722,244,814,690,"Simulation,Strategy"
Konung 2,75000,0.59,0,130,27,127,0,RPG
Among Us,35000000,3.99,0,577656,51069,553709,669,Casual
Melody/ÂøÉË∑≥ÊóãÂæã,10000,3.99,0,118,19,115,23,"Casual,Indie,Simulation"
Giraffe Town,10000,1.99,0,197,44,181,0,"Action,Adventure,Indie"
TOKYO WARFARE,35000,4.99,0,264,54,301,260,Action
Caesar‚Ñ¢ IV,150000,9.99,0,385,172,519,4322,"Simulation,Strategy"
Dust to the End,150000,11.99,0,774,159,820,627,"Adventure,Indie,RPG,Simulation,Strategy"
Assassin‚Äôs Creed¬Æ Rogue,750000,19.99,0,10220,1863,11467,708,"Action,Adventure"
Natural Locomotion,150000,9.99,0,435,68,493,3090,"Simulation,Utilities"
Space Codex,350000,0.51,0,295,63,192,218,Casual
Sex Hotel Simulator üè©,0,9.99,0,0,0,202,0,"Adventure,Casual,Simulation"
Norland,150000,23.99,0,2441,780,2994,1463,"Simulation,Strategy,Early Access"
WE ARE FOOTBALL,75000,34.99,0,917,269,682,1003,"Simulation,Sports,Strategy"
Cold Waters,150000,39.99,0,3105,489,3483,1004,"Indie,Simulation,Strategy"
The Backrooms: Survival,10000,6.99,0,446,65,428,0,"Action,Adventure,Indie,Massively Multiplayer,Simulation,Early Access"
YumeCore,10000,4.99,0,153,7,133,39,Action
Wonder Boy: The Dragon's Trap,150000,19.99,0,1817,288,1575,168,"Action,Adventure,Indie"
F.E.A.R. 3,1500000,19.99,0,7498,2905,5192,150,Action
Sherlock Holmes Chapter One,35000,44.99,0,1328,296,1448,781,"Action,Adventure"
Path of Exile,35000000,0.0,0,167454,16653,1075,391,"Action,Adventure,Free to Play,Indie,Massively Multiplayer,RPG"
Hydrophobia: Prophecy,350000,4.99,0,1346,905,1855,30,"Action,Adventure,Indie,Strategy"
Nirvana Pilot Yume,75000,9.99,0,95,24,111,0,"Action,Adventure,Indie,Racing,Sports"
Lust Islandüå¥[18+],0,9.99,0,0,0,167,0,"Adventure,Casual,RPG"
XERA: Survival,750000,0.0,0,4527,2084,1931,71,"Action,Adventure,Free to Play,Indie,Massively Multiplayer,Simulation,Strategy"
Princess Remedy 2: In A Heap of Trouble,35000,4.99,0,530,51,317,68,"Action,Indie,RPG"
Chronicles of Teddy,35000,14.99,0,206,89,231,28,"Action,Adventure,Indie,RPG"
Capcom Beat 'Em Up Bundle,75000,19.99,0,811,118,715,195,Action
Song of Farca,35000,19.99,0,529,93,497,187,"Adventure,Indie,Simulation"
Bounty Train,350000,0.99,0,986,429,1072,421,"Indie,Simulation,Strategy"
Praetorians - HD Remaster,10000,19.99,0,618,63,557,195,Strategy
Crashday Redline Edition,75000,11.99,0,1207,159,1151,179,"Action,Racing"
Chushpan Simulator,10000,1.39,0,202,32,291,0,"Action,Adventure,RPG,Simulation"
Inscryption,1500000,19.99,0,71542,2107,68478,687,"Adventure,Indie,Strategy"
Broken Roads,10000,31.49,0,53,57,119,0,RPG
Oozi: Earth Adventure,35000,9.99,0,743,121,669,300,"Casual,Indie"
Á∫¶ÊãçÂ•≥Á•û Private Model,10000,4.99,0,85,72,152,0,"Indie,RPG,Simulation"
Rayman¬Æ Legends,0,29.99,0,0,0,5320,0,"Action,Adventure"
Hentai Furry 2,10000,0.99,0,0,0,156,0,"Casual,Indie"
Ace Combat Assault Horizon - Enhanced Edition,350000,0.0,0,2949,2132,3194,258,"Action,Simulation"
Dishonored,3500000,9.99,0,66292,1696,51274,417,"Action,Adventure"
Containment: The Zombie Puzzler,75000,4.99,0,215,56,117,29,"Casual,Indie"
Need for Speed‚Ñ¢ Unbound,75000,69.99,0,1929,564,2584,907,"Action,Racing"
D4: Dark Dreams Don‚Äôt Die -Season One-,150000,14.99,0,1530,366,1653,286,"Adventure,Casual,Indie"
Cute Honey 3,75000,1.99,0,386,216,571,135,Casual
BatMUD,10000,4.99,0,116,22,134,0,"Massively Multiplayer,RPG"
Â∑≤‰∏ãÊû∂,75000,0.0,0,78,93,101,0,Free to Play
Unseen Diplomacy,35000,2.99,0,138,17,154,0,"Action,Indie,Simulation"
Novus Inceptio,35000,12.99,0,675,520,991,84,"Adventure,Indie,RPG,Simulation,Early Access"
12 Labours of Hercules VIII: How I Met Megara,10000,2.99,0,127,4,101,0,"Adventure,Strategy"
The TakeOver,35000,19.99,0,660,110,710,0,"Action,Casual,Indie"
Forsaken Remastered,10000,19.99,0,141,17,145,41,"Action,Adventure"
Trainz: A New Era,350000,19.99,0,1550,575,1872,3865,Simulation
Zero G Arena,35000,9.99,0,661,76,260,38,"Action,Indie"
Supercharged Robot VULKAISER,35000,4.99,0,263,17,149,209,"Action,Indie"
Xenonauts 2,75000,29.99,0,439,152,571,0,"Simulation,Strategy,Early Access"
Eastside Hockey Manager,350000,19.99,0,1033,178,1035,307,"Simulation,Sports"
Crop Rotation,10000,9.99,0,203,9,214,0,"Indie,Strategy"
Eroico,10000,5.59,0,0,0,988,75,Action
Animal Shelter,75000,15.99,0,851,130,866,1347,"Adventure,Casual,Indie,Simulation"
Boogeyman,75000,4.99,0,432,97,475,163,"Action,Indie,Strategy"
Four Last Things,75000,2.71,0,731,34,705,79,"Adventure,Indie"
Duck Life: Adventure,10000,5.99,0,208,22,218,1803,"Adventure,Casual,Racing,RPG,Sports"
Little Noah: Scion of Paradise,35000,14.99,0,598,41,628,60,"Action,Casual,RPG"
Tales From Off-Peak City Vol. 1,35000,9.99,0,382,3,330,67,"Adventure,Indie"
Automation Empire,150000,29.99,0,1573,764,2284,3024,"Indie,Simulation,Strategy"
Kathy Rain: Director's Cut,10000,14.99,0,314,17,294,0,"Adventure,Indie"
"Honey, I Joined a Cult",75000,19.99,0,686,158,730,297,"Casual,Indie,Simulation,Strategy,Early Access"
Zeepkist,35000,11.99,0,409,14,396,0,"Action,Indie,Racing,Sports,Early Access"
The Archotek Project,350000,0.0,0,439,338,287,31,"Casual,Indie,Simulation,Strategy,Early Access"
QUAKE,1500000,9.99,0,10055,428,9025,86,Action
Azure Striker Gunvolt 2,10000,9.99,0,341,23,344,363,"Action,Indie"
Marauders,150000,29.99,0,2933,746,2263,655,"Action,Early Access"
CreaVures,75000,4.99,0,132,35,102,15,Indie
Efflorescence of Lust,35000,1.99,0,235,88,493,85,"Casual,Indie,RPG,Strategy"
RaiOhGar: Asuka and the King of Steel,35000,14.99,0,203,34,211,173,"Indie,RPG"
Alice's Patchwork,350000,4.99,0,177,31,133,359,Casual
Godhood,35000,26.99,0,679,237,808,580,"RPG,Simulation,Strategy"
Nuclear Option,35000,14.99,0,443,25,442,0,"Action,Indie,Simulation,Early Access"
FRACT OSC,75000,14.99,0,482,82,382,54,Indie
Last Room,75000,2.99,0,232,109,314,338,"Adventure,Indie,Sports,Strategy"
Lamplight City,75000,14.99,0,500,55,493,459,"Adventure,Indie"
Yolo Space Hacker,10000,24.99,0,152,6,154,0,"Adventure,Casual,Indie,Simulation,Strategy"
YUME 3,35000,4.99,0,246,59,290,35,"Casual,Indie,Simulation,Strategy"
Putrefaction,150000,0.99,0,287,133,307,268,"Action,Indie"
Happiness Double Room,10000,11.69,0,0,0,391,0,"Adventure,Casual,Indie,RPG,Simulation,Strategy"
Ori and the Blind Forest,1500000,0.0,0,46417,2229,41526,345,Action
ABRISS - build to destroy,35000,16.99,0,249,27,223,5,"Indie,Simulation,Strategy,Early Access"
Adventures of Bertram Fiddle 2: A Bleaker Predicklement,35000,8.99,0,126,39,147,0,"Adventure,Casual,Indie"
Panzer Strategy,35000,29.99,0,305,160,431,0,"Indie,Strategy"
Sands of Salzaar,750000,14.99,0,16022,2971,17745,654,"Adventure,Indie,RPG,Strategy"
Harmonia,35000,9.99,0,489,16,476,242,"Adventure,Casual,Simulation"
Seek Girl ‚Ö¶,75000,1.99,0,840,307,1069,123,"Casual,Indie"
Darkwood,750000,14.99,0,12466,709,11703,117,"Action,Adventure,Indie,RPG"
Remorse: The List,10000,14.99,0,97,18,104,0,"Action,Indie"
Rogue Warrior,150000,4.99,0,782,388,822,8,Action
Shaolin vs Wutang,35000,13.99,0,855,73,862,215,"Action,Casual,Indie"
The Butterfly Sign,150000,4.99,0,123,69,131,255,"Action,Adventure,Indie"
fault - StP - LIGHTKRAVTE,10000,17.99,0,218,30,219,0,"Adventure,Indie"
Disgaea 4 Complete+,35000,39.99,0,546,58,484,1307,"RPG,Strategy"
Ideology in Friction,150000,24.99,0,1253,147,1308,298,"Indie,RPG"
Slap The Fly,75000,5.39,0,178,66,180,154,"Indie,Simulation"
The Leisure of Grisaia,35000,2.99,0,255,22,258,263,"Adventure,Casual"
Strike Suit Zero,750000,19.99,0,1253,372,1175,76,"Action,Indie,Simulation"
Halls of Torment,10000,4.49,0,715,34,878,258,"Action,Indie,RPG,Early Access"
Desktop Farm,75000,2.99,0,460,159,548,554,"Casual,Indie,Simulation,Strategy"
Dark Fall: The Journal,75000,4.99,0,169,51,176,0,Adventure
‰∫ëÁ´Ø‰πãÁ∫¶,35000,7.99,0,405,23,388,65,"Indie,RPG"
Flashback,0,9.99,0,0,0,442,0,"Action,Adventure,RPG"
Sol Survivor,150000,9.99,0,354,37,279,1005,"Indie,Strategy"
WW2: Bunker Simulator,10000,11.99,0,148,39,165,0,"Action,Indie,Simulation,Early Access"
OK K.O.! Let‚Äôs Play Heroes,10000,19.99,0,105,8,106,0,"Action,Adventure"
Rosenkreuzstilette Freudenstachel,10000,13.99,0,98,12,101,0,"Action,Indie"
Superfuse,150000,24.99,0,337,270,571,0,"Action,Early Access"
System Shock 2,750000,9.99,0,5978,352,5062,98,"Action,RPG"
Insurgency,3500000,14.99,0,113659,10261,85803,244,"Action,Indie,Strategy"
Dead6hot,350000,1.99,0,212,259,303,243,"Action,Casual"
Horror Story: Hallowseed,10000,19.99,0,142,40,129,0,"Indie,Simulation"
Millie,150000,3.99,0,563,131,425,179,"Action,Casual,Indie"
Mirror's Edge‚Ñ¢,3500000,19.99,0,28497,4053,25161,138,"Action,Adventure"
Xeodrifter‚Ñ¢,35000,9.99,0,583,182,650,21,"Action,Indie"
Silent Hunter 5¬Æ: Battle of the Atlantic,150000,9.99,0,981,1261,2164,314,Simulation
Fran Bow,750000,14.99,0,11175,334,10091,447,"Adventure,Indie"
Tren0,75000,1.49,0,200,61,191,0,"Adventure,Casual,Indie,RPG"
PAC-MAN‚Ñ¢ and the Ghostly Adventures,10000,0.0,0,170,39,146,7,Action
Octogeddon,150000,8.88,0,578,62,604,1378,"Action,Casual,Indie,Strategy"
Black Future '88,75000,19.99,0,439,142,400,73,"Action,Adventure"
Rum & Gun,10000,4.99,0,120,7,119,0,"Action,Adventure,Indie,RPG,Early Access"
Bunker Punks,35000,14.99,0,296,99,276,208,"Action,Indie"
Fate of the World: Tipping Point,150000,18.99,0,330,90,374,0,"Strategy,Indie,Casual,Simulation"
Tilesweeper,35000,4.99,0,247,38,275,890,Casual
The Odyssey: Winds of Athena,150000,4.99,0,344,196,450,225,"Action,Adventure,Indie,Simulation,Strategy"
Amnesia‚Ñ¢: Memories,150000,9.99,0,2758,235,2509,319,Adventure
Instruments of Destruction,35000,19.99,0,476,14,454,138,"Action,Casual,Indie,Simulation,Strategy,Early Access"
Vermillion - VR Painting,10000,19.99,0,411,17,408,627,"Casual,Indie,Simulation"
DEMON'S TILT,35000,19.99,0,609,35,603,0,"Action,Indie"
Suicide Guy,350000,4.99,0,1272,198,1111,363,Action
LEGO¬Æ STAR WARS‚Ñ¢: The Force Awakens,750000,19.99,0,4849,849,3462,505,"Action,Adventure"
Rescue Operation,10000,3.99,0,155,26,174,0,"Action,Adventure,Indie"
Let Them Come,75000,7.99,0,865,126,836,187,"Action,Indie"
–ú–ï–ú–û–õ–û–ì–ò–Ø,10000,0.49,0,206,35,206,0,"Action,Adventure,Casual,Indie,RPG,Simulation"
Bionic Commando: Rearmed,350000,9.99,0,566,361,589,98,Action
Hundred Days - Winemaking Simulator,75000,24.99,0,483,143,587,105,"Indie,Simulation,Strategy"
Morbid: The Seven Acolytes,35000,24.99,0,462,137,470,116,"Action,Adventure,Indie,RPG"
X2: The Threat,350000,4.99,0,326,66,323,80,Strategy
Music Killer,35000,1.99,0,208,91,363,0,"Action,Indie"
The Slaverian Trucker,10000,11.99,0,138,21,142,0,"Simulation,Early Access"
The Settlers¬Æ : Rise of an Empire - History Edition,35000,11.99,0,304,86,381,6808,Strategy
Hue,150000,2.99,0,1674,105,905,238,"Adventure,Indie"
Timberman,750000,0.99,0,10132,671,8090,151,"Action,Casual,Indie"
WhiteLily 1Ôºö‰∏Ω‰∏ΩÂÖ¨‰∏ª,75000,2.99,0,1144,63,192,0,"Adventure,Casual,Indie,RPG,Strategy"
OneShot,750000,9.99,0,29225,535,27182,300,"Adventure,Casual,Indie"
Five Nations,10000,19.99,0,110,18,120,0,"Indie,Strategy"
Versus: Battle of the Gladiator,150000,0.0,0,310,183,199,66,"Action,Indie"
American Conquest,150000,4.99,0,319,159,409,34,Strategy
Fairy Tale Mysteries: The Puppet Thief,75000,9.99,0,197,112,161,220,"Adventure,Casual"
Star Trek‚Ñ¢: Bridge Crew,350000,9.99,0,2173,655,2102,531,"Casual,RPG,Simulation"
Carrier Deck,75000,9.99,0,715,96,785,1211,Simulation
Space Food Truck,35000,9.99,0,188,72,195,588,"Indie,Strategy"
D3DGear - Game Recording and Streaming Software,10000,34.99,0,356,100,377,0,"Audio Production,Software Training,Utilities,Video Production"
"Movavi Video Suite 17 - Video Making Software - Video Editor, Video Converter, Screen Capture, and more",75000,94.99,0,2370,581,2824,1034,"Animation & Modeling,Audio Production,Design & Illustration,Photo Editing,Software Training,Video Production"
Retro Game Crunch,75000,9.99,0,321,83,266,120,"Action,Adventure,Indie"
Moss,350000,19.49,0,2499,133,2194,117,"Action,Adventure,Casual"
„É°„É¢„É™„Éº„Ç∫„Ç™„Éï-Innocent Fille- for Dearest,10000,39.99,0,216,14,215,0,Adventure
Dying Light,7500000,29.99,0,316493,16568,242718,1215,"Action,RPG"
Terror of Hemasaurus,35000,10.39,0,190,11,195,28,"Action,Adventure"
BLACKTAIL,35000,23.99,0,147,22,193,22,"Action,Adventure,RPG"
EMERGENCY 4 Deluxe,150000,17.99,0,1041,72,1088,402,"Simulation,Strategy"
INDIKA,35000,22.49,0,908,101,1046,0,Adventure
Cleo - a pirate's tale,35000,14.99,0,359,2,288,0,"Adventure,Indie"
ANIME WAR ‚Äî Modern Campaign,35000,1.99,0,354,64,324,0,"Action,Adventure"
Boundary,350000,22.49,0,7228,2536,9038,383,"Action,Early Access"
Commander: The Great War,35000,29.99,0,199,48,216,47,Strategy
RiMS Racing,35000,49.99,0,593,436,219,0,Racing
SMITE¬Æ,15000000,0.0,0,81293,20315,1358,196,"Action,Free to Play"
Memory Oblivion Box,35000,9.99,0,830,62,640,36,"Adventure,Casual,Indie"
Panzermadels: Tank Dating Simulator,35000,9.99,0,1356,117,1161,113,"Adventure,Casual,Indie,RPG,Simulation"
SCP: Pandemic,75000,19.99,0,1210,333,1210,42,"Action,Indie,Massively Multiplayer,Strategy,Early Access"
Into the Radius VR,350000,29.99,0,4226,361,4266,376,Indie
Alien Shooter 2: Reloaded,350000,4.99,0,2007,168,1290,269,"Action,Indie,RPG"
Eon Altar,150000,1.24,0,629,98,535,477,"Action,Adventure,Indie,RPG"
The Room,750000,4.99,0,20504,467,19950,157,"Adventure,Indie"
Kinetic Void,150000,19.99,0,276,1251,1364,96,"Action,Indie,Simulation"
East Trade Tycoon,35000,3.59,0,153,36,218,0,"Casual,Simulation"
Helicopter Simulator VR 2021 - Rescue Missions,10000,17.99,0,108,20,125,0,"Action,Simulation,Early Access"
Deadnaut,75000,9.99,0,100,51,121,218,"Indie,RPG,Strategy"
Backrooms Rec.,10000,9.99,0,112,32,130,0,"Action,Adventure,Indie,Early Access"
Ninja Stealth,350000,0.99,0,707,319,584,3242,"Casual,Indie,Strategy"
Shadows Over Loathing,10000,19.54,0,0,0,252,310,"Adventure,Indie,RPG"
Maitetsu,35000,14.99,0,306,17,300,1760,Casual
Â§©‰∏ãÈïñÂ±Ä,10000,17.99,0,79,43,117,0,"Adventure,Indie,Simulation,Strategy,Early Access"
Ancient Enemy,10000,14.99,0,324,27,306,102,"Indie,RPG,Strategy"
Sex of Thrones üëë,0,9.29,0,0,0,105,0,"Adventure,Indie,RPG"
Burger Shop,10000,6.99,0,149,1,145,0,"Action,Casual,Simulation"
Â•áËøπ‰∏ÄÂàª Surmount,35000,14.99,0,1213,82,1055,525,"Adventure,Indie,Simulation,Strategy"
Thimbleweed Park‚Ñ¢,350000,19.99,0,3143,207,2803,449,"Adventure,Indie"
Sonny,75000,4.99,0,216,153,347,0,"Indie,RPG,Strategy"
Elemental Girls,350000,0.51,0,211,40,223,396,"Casual,Indie"
My Stepmom is a Futanari,10000,0.99,0,0,0,152,0,Adventure
Perpetuum,35000,0.0,0,524,203,594,288,"Indie,Massively Multiplayer,RPG"
UNDER NIGHT IN-BIRTH Exe:Late,75000,29.99,0,840,84,701,645,Action
My So-called Future Girlfriend,10000,4.99,0,218,13,178,0,"Casual,Indie,Simulation"
Left 4 Dead,3500000,9.99,0,40244,1610,34087,141,Action
Desperados: Wanted Dead or Alive,350000,4.99,0,1540,242,1536,30,"Action,Strategy"
A Twisted Path to Renown,0,26.99,0,0,0,196,0,"Action,Indie,Massively Multiplayer,Simulation,Early Access"
Kalimba,75000,9.99,0,399,25,391,0,"Action,Casual"
Heart of Crown PC,75000,24.99,0,418,100,465,0,"Indie,RPG,Simulation,Strategy"
Kismet,10000,0.0,0,125,12,121,0,"Casual,Indie"
Demon Hunter 3: Revelation,35000,9.99,0,193,25,135,162,"Adventure,Casual"
Egyptian Senet,10000,3.99,0,237,62,151,108,"Casual,Indie,Simulation,Sports,Strategy"
Guts and Glory,350000,14.99,0,1758,444,1504,86,"Action,Casual,Indie,Racing"
V-Rally 4,35000,29.99,0,421,230,214,72,Racing
Ultimate Fishing Simulator VR,35000,29.99,0,396,76,448,427,"Casual,Indie,Simulation,Sports"
Sundered¬Æ: Eldritch Edition,350000,19.99,0,3437,714,3265,219,"Action,Adventure,Indie"
Interstellar Marines,350000,9.99,0,4376,3471,4205,49,"Action,Indie,RPG,Simulation,Early Access"
Incredibox,75000,4.99,0,1362,34,1297,70,"Casual,Indie"
Poker Night 2,1500000,0.0,0,5847,875,5108,239,"Casual,Sports"
Travellers Rest,350000,11.99,0,2883,273,2983,954,"Adventure,Casual,Indie,RPG,Simulation,Early Access"
SWAT 3: Tactical Game of the Year Edition,75000,9.99,0,166,107,260,191,"Violent,Action,Simulation"
Behind the Frame: The Finest Scenery,150000,12.99,0,3247,116,2886,52,"Adventure,Casual,Indie"
Happy Quest,75000,1.99,0,623,126,722,62,"Adventure,Casual,Indie,Strategy"
LEGIONCRAFT,35000,12.99,0,963,231,1106,528,"Indie,RPG,Strategy,Early Access"
Unferat,10000,5.99,0,102,13,104,0,"RPG,Simulation"
Ova Magica,10000,22.49,0,153,4,153,0,"Casual,Indie,RPG,Simulation,Early Access"
MoonBase Commander,35000,5.99,0,134,15,131,1517,Strategy
Kings of Kung Fu,75000,0.99,0,442,241,593,135,"Action,Indie"
Candle,150000,0.99,0,732,197,704,231,"Adventure,Indie"
Monolith,150000,7.99,0,1484,28,1391,515,"Action,Indie"
Serious Sam: Kamikaze Attack!,10000,2.99,0,110,16,122,0,"Action,Indie"
GreedFall,750000,34.99,0,12218,3404,13265,370,RPG
Cat and Ghostly Road,10000,4.89,0,113,8,103,0,"Adventure,Indie"
Fell Seal: Arbiter's Mark,350000,29.99,0,4358,500,3807,2387,"Indie,RPG,Strategy"
Frozen Cortex,35000,24.99,0,191,77,162,133,"Indie,Sports,Strategy"
Pacific Storm Allies,75000,7.99,0,113,78,167,180,"Simulation,Strategy"
Re Angel,10000,15.99,0,136,2,126,0,"Adventure,Indie"
Godus Wars,75000,14.99,0,86,479,423,1,"Casual,Indie,Simulation,Strategy,Early Access"
D'LIRIUM,35000,4.99,0,819,41,751,73,"Action,Adventure,Indie,Early Access"
KeeperRL,150000,15.99,0,853,109,864,2004,"RPG,Strategy,Early Access"
Bladed fury,150000,9.99,0,2611,410,2748,203,"Action,Adventure,Casual,Indie,RPG"
Kill The Bad Guy,75000,9.99,0,214,129,101,187,"Action,Indie,Simulation,Strategy"
E.T. Armies,150000,14.99,0,143,151,135,71,Action
Sparklite,35000,24.99,0,274,77,257,44,"Action,Adventure,Indie,RPG"
Two Worlds II HD,750000,19.99,0,3774,2364,3509,414,RPG
"Calm Down, Stalin",35000,3.99,0,846,99,864,64,"Casual,Indie"
Les Fleursword,35000,0.0,0,158,146,280,468,"Adventure,Indie"
Stubbs the Zombie in Rebel Without a Pulse,150000,19.99,0,1283,184,932,106,Action
VCB: Why City (Beta Version),350000,0.0,0,1895,426,1835,0,"Action,Adventure,Indie,Racing"
ATOMEGA,75000,9.99,0,1033,300,1185,507,"Action,Indie"
FINAL FANTASY¬Æ XIII,750000,15.99,0,10648,3723,11526,939,RPG
Stronghold Legends: Steam Edition,150000,4.49,0,1427,243,1401,121,"Simulation,Strategy"
Conan Exiles,3500000,15.99,0,62942,16629,54694,1527,"Action,Adventure,Massively Multiplayer,RPG,Simulation,Strategy"
The Marvellous Miss Take,75000,19.99,0,255,56,126,196,"Action,Casual,Indie"
Dealer's Life,35000,7.49,0,927,69,933,411,"Casual,Indie,Simulation"
Hammerwatch,750000,9.99,0,5603,637,3490,192,"Action,Adventure,Indie,RPG"
Age of Empires III: Definitive Edition,750000,19.99,0,22125,5688,24290,529,Strategy
The Last Hope,150000,4.99,0,344,552,188,244,"Action,Adventure,Casual,Indie,RPG,Simulation"
Extreme Jump,10000,1.99,0,108,11,114,0,"Adventure,Casual,Indie,Simulation,Sports"
Battle Chess: Game of Kings‚Ñ¢,75000,29.99,0,156,148,294,0,"Casual,Strategy"
Duelists of Eden,35000,4.99,0,477,22,510,159,"Action,Indie"
Don't Shout Together,0,4.24,0,0,0,211,0,"Action,Indie,Simulation"
Hide & Hold Out - H2o,35000,17.99,0,346,295,485,376,"Action,Adventure,Indie,Massively Multiplayer,Simulation,Early Access"
AQUARIUM,10000,20.46,0,235,3,230,0,Adventure
Shadows on the Vatican Act I: Greed,150000,0.69,0,515,183,145,188,"Adventure,Indie"
Sword and Fairy 3,75000,7.99,0,931,176,1043,4524,RPG
Tower Hunter: Erza's Trial,75000,4.31,0,1140,349,1366,1558,"Action,Adventure,Casual,Indie,RPG"
3 Minute Heroes,10000,9.99,0,170,22,169,657,Strategy
Uriel's Chasm,350000,4.99,0,481,2247,268,202,"Adventure,Casual,Indie"
BOX RUSH 2: Ice worlds,10000,10.99,0,72,33,103,0,Casual
Cross Princess,35000,2.99,0,671,23,640,0,"Adventure,Casual,Indie"
Three Kingdoms: Innovatory,0,10.49,0,0,0,190,0,"Indie,RPG,Strategy,Early Access"
Moebius: Empire Rising,75000,14.99,0,228,74,139,506,"Adventure,Indie"
1$ Fun: Clock Simulator,10000,1.0,0,357,47,318,0,Indie
Forbidden Love With The Ghost Girl,10000,14.99,0,168,19,179,0,"Adventure,Indie"
Lens Life,10000,3.99,0,0,0,198,53,Casual
Broken Age,750000,14.99,0,6169,1220,4121,283,"Adventure,Casual,Indie"
